sendTime,userId,roomId,sender,contentType,messageId,text
2025-05-10T09:00:00+09:00,U100001,C100001,user,text,1100000000,Premiere Proで動画がカクつくんですが、どうしたらいいですか？
2025-05-10T09:01:00+09:00,OA_VideoSupport,C100001,agent,text,1100000001,まず再生解像度を1/4に下げてみてください
2025-05-10T09:02:00+09:00,U100001,C100001,user,text,1100000002,試しましたが改善しません…
2025-05-10T09:03:00+09:00,OA_VideoSupport,C100001,agent,text,1100000003,ではプロキシファイルを作成してみてください
2025-05-10T09:04:00+09:00,U100001,C100001,user,text,1100000004,プロキシでも変わりません
2025-05-10T09:05:00+09:00,OA_VideoSupport,C100001,agent,text,1100000005,GPU加速をONにしてメモリ割当を増やすと改善することがあります
2025-05-10T09:15:00+09:00,U100002,C100002,user,text,1100000006,4K書き出し後に色味が変わってしまいます
2025-05-10T09:16:00+09:00,OA_VideoSupport,C100002,agent,text,1100000007,カラー管理をRec.709に設定して書き出してみてください
2025-05-10T09:17:00+09:00,U100002,C100002,user,text,1100000008,設定済みでもやはり緑っぽいです
2025-05-10T09:18:00+09:00,OA_VideoSupport,C100002,agent,text,1100000009,LUTが適用されていないか確認してオフにしてください
2025-05-10T09:19:00+09:00,U100002,C100002,user,text,1100000010,LUTを外したら治りました、ありがとうございます
2025-05-10T09:20:00+09:00,OA_VideoSupport,C100002,agent,text,1100000011,お役に立てて良かったです
2025-05-10T09:30:00+09:00,U100003,C100003,user,text,1100000012,音声が映像より遅れて聞こえます
2025-05-10T09:31:00+09:00,OA_VideoSupport,C100003,agent,text,1100000013,シーケンスとクリップのサンプルレートを48kHzに揃えてください
2025-05-10T09:32:00+09:00,U100003,C100003,user,text,1100000014,揃えても少しズレます
2025-05-10T09:33:00+09:00,OA_VideoSupport,C100003,agent,text,1100000015,自動同期機能を使うと正確に合わせられます
2025-05-10T09:34:00+09:00,U100003,C100003,user,text,1100000016,同期でピッタリ合いました！助かりました
2025-05-10T09:35:00+09:00,OA_VideoSupport,C100003,agent,text,1100000017,引き続き何かあればご相談ください
2025-05-10T09:45:00+09:00,U100004,C100004,user,text,1100000018,字幕ファイルを読み込むと文字化けします
2025-05-10T09:46:00+09:00,OA_VideoSupport,C100004,agent,text,1100000019,SRTファイルをUTF‑8で保存し直して再インポートしてください
2025-05-10T09:47:00+09:00,U100004,C100004,user,text,1100000020,UTF‑8にしましたが変わりません
2025-05-10T09:48:00+09:00,OA_VideoSupport,C100004,agent,text,1100000021,BOM付きUTF‑8で保存してみてください
2025-05-10T09:49:00+09:00,U100004,C100004,user,text,1100000022,うまく表示できました！
2025-05-10T09:50:00+09:00,OA_VideoSupport,C100004,agent,text,1100000023,良かったです
2025-05-10T10:00:00+09:00,U100005,C100005,user,text,1100000024,ダイナミックリンクしたAEコンポが黒画面になります
2025-05-10T10:01:00+09:00,OA_VideoSupport,C100005,agent,text,1100000025,キャッシュを削除してPremiereを再起動してみてください
2025-05-10T10:02:00+09:00,U100005,C100005,user,text,1100000026,再起動しても黒いままです
2025-05-10T10:03:00+09:00,OA_VideoSupport,C100005,agent,text,1100000027,AE側でレンダリング設定を『代替フレームなし』に変更してください
2025-05-10T10:04:00+09:00,U100005,C100005,user,text,1100000028,映像が表示されました！
2025-05-10T10:05:00+09:00,OA_VideoSupport,C100005,agent,text,1100000029,ご確認ありがとうございます
2025-05-10T10:15:00+09:00,U100006,C100006,user,text,1100000030,XMLインポートでタイムラインがズレます
2025-05-10T10:16:00+09:00,OA_VideoSupport,C100006,agent,text,1100000031,検索パスで元素材のフォルダを指定し直してください
2025-05-10T10:17:00+09:00,U100006,C100006,user,text,1100000032,一部のクリップがまだリンク切れです
2025-05-10T10:18:00+09:00,OA_VideoSupport,C100006,agent,text,1100000033,タイムコード無視で再リンクを試してください
2025-05-10T10:19:00+09:00,U100006,C100006,user,text,1100000034,リンク復旧しました！ありがとうございます
2025-05-10T10:20:00+09:00,OA_VideoSupport,C100006,agent,text,1100000035,何かあればまたどうぞ
2025-05-10T10:30:00+09:00,U100007,C100007,user,text,1100000036,BGMの自動ダッキングが働きません
2025-05-10T10:31:00+09:00,OA_VideoSupport,C100007,agent,text,1100000037,BGMとダイアログを正しくタグ付けしましたか？
2025-05-10T10:32:00+09:00,U100007,C100007,user,text,1100000038,タグ付けしても音量が変わらないです
2025-05-10T10:33:00+09:00,OA_VideoSupport,C100007,agent,text,1100000039,自動ダッキングでキーフレーム生成をONにしてください
2025-05-10T10:34:00+09:00,U100007,C100007,user,text,1100000040,ダッキングできました！
2025-05-10T10:35:00+09:00,OA_VideoSupport,C100007,agent,text,1100000041,解決して良かったです
2025-05-10T10:45:00+09:00,U100008,C100008,user,text,1100000042,Magic Bullet Looksを入れるとレンダリングが遅いです
2025-05-10T10:46:00+09:00,OA_VideoSupport,C100008,agent,text,1100000043,エフェクト設定でGPU加速をONにしてください
2025-05-10T10:47:00+09:00,U100008,C100008,user,text,1100000044,ONでも変わらず遅いです
2025-05-10T10:48:00+09:00,OA_VideoSupport,C100008,agent,text,1100000045,重いプリセットの場合LUTに置き換えると軽くなります
2025-05-10T10:49:00+09:00,U100008,C100008,user,text,1100000046,レンダリング半分になりました！
2025-05-10T10:50:00+09:00,OA_VideoSupport,C100008,agent,text,1100000047,ご活用ください
2025-05-10T11:00:00+09:00,U100009,C100009,user,text,1100000048,Final CutのショートカットでPremiereを操作したいです
2025-05-10T11:01:00+09:00,OA_VideoSupport,C100009,agent,text,1100000049,キーボードプリセットでFinal Cut Pro Xを選択できます
2025-05-10T11:02:00+09:00,U100009,C100009,user,text,1100000050,プリセットが見当たりません
2025-05-10T11:03:00+09:00,OA_VideoSupport,C100009,agent,text,1100000051,Adobe公式サイトからXMLをダウンロードして読み込んでください
2025-05-10T11:04:00+09:00,U100009,C100009,user,text,1100000052,読み込めました！便利です
2025-05-10T11:05:00+09:00,OA_VideoSupport,C100009,agent,text,1100000053,お役に立てて嬉しいです
2025-05-10T11:15:00+09:00,U100010,C100010,user,text,1100000054,RTX3060で8K編集が重すぎます
2025-05-10T11:16:00+09:00,OA_VideoSupport,C100010,agent,text,1100000055,8K編集はRTX4070以上が推奨です
2025-05-10T11:17:00+09:00,U100010,C100010,user,text,1100000056,すぐにGPUを変えられません…
2025-05-10T11:18:00+09:00,OA_VideoSupport,C100010,agent,text,1100000057,プロキシを1080pで生成すると快適に編集できます
2025-05-10T11:19:00+09:00,U100010,C100010,user,text,1100000058,プロキシでスムーズになりました！
2025-05-10T11:20:00+09:00,OA_VideoSupport,C100010,agent,text,1100000059,ご安心ください
